CREATE TABLE GPS_ZONE(
ID INT NOT NULL,
X1 DOUBLE,
X2 DOUBLE,
Y1 DOUBLE,
Y2 DOUBLE,
PRIMARY KEY ( ID ))

INSERT INTO GPS_ZONE(ID,X1,X2,Y1,Y2)
VALUES(1,19.790878,20.240591,49.957279,50.123387)

CREATE TABLE GPS_ZONE_POLUTION_FACTOR_REL(
GPS_ZONE_ID INT NOT NULL,
FACTOR_VALUE_MEAN DOUBLE,
FACTOR_VALUE_MAX DOUBLE,
POLUTION_FACTOR_ID INT NOT NULL,
)

INSERT INTO GPS_ZONE_POLUTION_FACTOR_REL(GPS_ZONE_ID,FACTOR_VALUE_MEAN,FACTOR_VALUE_MAX,POLUTION_FACTOR_ID)
VALUES(1,45.782,324.097,1)

INSERT INTO GPS_ZONE_POLUTION_FACTOR_REL(GPS_ZONE_ID,FACTOR_VALUE_MEAN,FACTOR_VALUE_MAX,POLUTION_FACTOR_ID)
VALUES(1,45.782,324.097,2)

INSERT INTO GPS_ZONE_POLUTION_FACTOR_REL(GPS_ZONE_ID,FACTOR_VALUE_MEAN,FACTOR_VALUE_MAX,POLUTION_FACTOR_ID)
VALUES(1,45.782,324.097,3)

INSERT INTO GPS_ZONE_POLUTION_FACTOR_REL(GPS_ZONE_ID,FACTOR_VALUE_MEAN,FACTOR_VALUE_MAX,POLUTION_FACTOR_ID)
VALUES(1,45.782,324.097,4)

INSERT INTO GPS_ZONE_POLUTION_FACTOR_REL(GPS_ZONE_ID,FACTOR_VALUE_MEAN,FACTOR_VALUE_MAX,POLUTION_FACTOR_ID)
VALUES(1,45.782,324.097,7)

INSERT INTO GPS_ZONE_POLUTION_FACTOR_REL(GPS_ZONE_ID,FACTOR_VALUE_MEAN,FACTOR_VALUE_MAX,POLUTION_FACTOR_ID)
VALUES(1,1.83,23.459,5)

INSERT INTO GPS_ZONE_POLUTION_FACTOR_REL(GPS_ZONE_ID,FACTOR_VALUE_MEAN,FACTOR_VALUE_MAX,POLUTION_FACTOR_ID)
VALUES(1,2.60,11.61,6)



CREATE TABLE POLUTION_FACTOR(
ID INT NOT NULL,
NAME VARCHAR(100),
DESCRIPTION VARCHAR(500),
--FACTOR_LIMIT_VALUE DOUBLE,
--UNIT VARCHAR(10),
PRIMARY KEY ( ID )
)

CREATE TABLE PLANT_POLUTION_FACTOR_REL(
PLANT_ID INT NOT NULL,
POLUTION_FACTOR_ID INT NOT NULL
)

CREATE TABLE PLANT(
ID INT NOT NULL,
NAME VARCHAR(100),
DESCRIPTION VARCHAR(500),
PRIMARY KEY ( ID )
)



--POLUTION_FACTOR
INSERT INTO POLUTION_FACTOR(ID,NAME,DESCRIPTION)
VALUES(1,'Toluen','Znaleźć go można w niektórych środkach czyszczących, klejach i farbach. Często używa się go również do producji perfum.');
INSERT INTO POLUTION_FACTOR(ID,NAME,DESCRIPTION)
VALUES(2,'Ksylen','To substancja rakotwórcza. Ksylen stosuje się w produkcji środków do konserwacji drewna i lakierów.');
INSERT INTO POLUTION_FACTOR(ID,NAME,DESCRIPTION)
VALUES(3,'Trichloroeten','To częsty składnik rozpuszczalników. Używany również podczas produkcji tekstyliów.');
INSERT INTO POLUTION_FACTOR(ID,NAME,DESCRIPTION)
VALUES(4,'Amoniak','Używa się go przy produkcji tkanin syntetycznych. Wdychanie amoniaku może wywołać bóle głowy i zaburzenia oddechowe.');
INSERT INTO POLUTION_FACTOR(ID,NAME,DESCRIPTION)
VALUES(5,'Benzen','To jedna z najgroźniejszych trucizn przemysłowych. Jest toksyczna i rakotwórcza. Dodaje się jej w procesie produkcji do tworzyw sztucznych, klejów, lakierów i farb.');
INSERT INTO POLUTION_FACTOR(ID,NAME,DESCRIPTION)
VALUES(6,'Formaldehyd','Jest to środek konserwujący, który znajduje się w kremach, lakierach do paznokci, dezodorantach, mydłach i szamponach.');
INSERT INTO POLUTION_FACTOR(ID,NAME,DESCRIPTION)
VALUES(7,'tlenek wegla | czad |','ssssssssssssssssssssssssss.');


INSERT INTO PLANT(ID,NAME,DESCRIPTION)
VALUES(1,'Dracena (Dracaena)','Roślina łatwa w uprawie szybko się regeneruje odmiany najlepiej oczyszczajace powietrze: | dracena wonna | | dracena obrzeżona | | dracena deremeńska |');
INSERT INTO PLANT(ID,NAME,DESCRIPTION)
VALUES(2,'Bluszcz (Hedera)','Roślina cieniolubna dobrze znosi rzadkie podlewanie i chłodniejszą temperature');
INSERT INTO PLANT(ID,NAME,DESCRIPTION)
VALUES(3,'Wężownica (Sansevieria)','Roślina łatwa w pielegnacji i rozmnażaniu, bardzo efektowny wygląd');
INSERT INTO PLANT(ID,NAME,DESCRIPTION)
VALUES(4,'Aglaonema (Aglaonema)','Roślina bardziej wymagająca lubi światło, ciepło i wilgoć');
INSERT INTO PLANT(ID,NAME,DESCRIPTION)
VALUES(5,'Filodendron (Philodendron)','Roślina łatwa w pielęgnacji, półcieniste stanowisko, umiarkowane podlewanie, temperatura pokojowa');
INSERT INTO PLANT(ID,NAME,DESCRIPTION)
VALUES(6,'Figowiec Benjamina - (Ficus benjamina)','Roślina łatwa w pielegnacji, dobrze znosi słabe oświetlenie, podatny na szkodniki');

INSERT INTO PLANT_POLUTION_FACTOR_REL(PLANT_ID,POLUTION_FACTOR_ID)
VALUES(1,1);
INSERT INTO PLANT_POLUTION_FACTOR_REL(PLANT_ID,POLUTION_FACTOR_ID)
VALUES(1,5);
INSERT INTO PLANT_POLUTION_FACTOR_REL(PLANT_ID,POLUTION_FACTOR_ID)
VALUES(1,6);
INSERT INTO PLANT_POLUTION_FACTOR_REL(PLANT_ID,POLUTION_FACTOR_ID)
VALUES(1,7);

INSERT INTO PLANT_POLUTION_FACTOR_REL(PLANT_ID,POLUTION_FACTOR_ID)
VALUES(2,2);
INSERT INTO PLANT_POLUTION_FACTOR_REL(PLANT_ID,POLUTION_FACTOR_ID)
VALUES(2,3);
INSERT INTO PLANT_POLUTION_FACTOR_REL(PLANT_ID,POLUTION_FACTOR_ID)
VALUES(2,5);
INSERT INTO PLANT_POLUTION_FACTOR_REL(PLANT_ID,POLUTION_FACTOR_ID)
VALUES(2,6);

INSERT INTO PLANT_POLUTION_FACTOR_REL(PLANT_ID,POLUTION_FACTOR_ID)
VALUES(3,5);
INSERT INTO PLANT_POLUTION_FACTOR_REL(PLANT_ID,POLUTION_FACTOR_ID)
VALUES(3,6);

INSERT INTO PLANT_POLUTION_FACTOR_REL(PLANT_ID,POLUTION_FACTOR_ID)
VALUES(4,1);
INSERT INTO PLANT_POLUTION_FACTOR_REL(PLANT_ID,POLUTION_FACTOR_ID)
VALUES(4,4);
INSERT INTO PLANT_POLUTION_FACTOR_REL(PLANT_ID,POLUTION_FACTOR_ID)
VALUES(4,5);

INSERT INTO PLANT_POLUTION_FACTOR_REL(PLANT_ID,POLUTION_FACTOR_ID)
VALUES(5,4);
INSERT INTO PLANT_POLUTION_FACTOR_REL(PLANT_ID,POLUTION_FACTOR_ID)
VALUES(5,5);
INSERT INTO PLANT_POLUTION_FACTOR_REL(PLANT_ID,POLUTION_FACTOR_ID)
VALUES(5,6);

INSERT INTO PLANT_POLUTION_FACTOR_REL(PLANT_ID,POLUTION_FACTOR_ID)
VALUES(6,4);
INSERT INTO PLANT_POLUTION_FACTOR_REL(PLANT_ID,POLUTION_FACTOR_ID)
VALUES(6,5);
INSERT INTO PLANT_POLUTION_FACTOR_REL(PLANT_ID,POLUTION_FACTOR_ID)
VALUES(6,6);



